client_id,trainer_id,gender_score,style_score,availability_score,age_score,qualification_score,education_score,location_score,recency_score,experience_score,persona_score,goal_score,baseline_score_default_weights,match_outcome
CLT-1001,TRN-2001,1.0,0.5,0.3486,1.0,0.61,0.3,0.1652,0.5,0.6,0.0,0.3333,0.4952,0
CLT-1001,TRN-2002,1.0,0.0,0.8687,0.5,0.87,0.3,0.1188,0.9245,0.9,0.0,0.3333,0.5273,0
CLT-1001,TRN-2003,1.0,0.0,0.6959,1.0,0.87,0.3,0.1545,0.8642,1.0,0.0,0.6667,0.599,0
CLT-1001,TRN-2004,1.0,0.0,0.5771,1.0,0.61,0.3,1.0,0.9396,0.7,0.0,0.25,0.5602,0
CLT-1001,TRN-2005,1.0,0.4,0.9024,0.5,0.61,0.3,0.1652,1.0,0.4,0.0,0.25,0.5111,0
CLT-1001,TRN-2006,1.0,0.2,0.7692,1.0,0.61,0.3,0.1543,0.8189,1.0,0.0,0.0,0.5111,0
CLT-1001,TRN-2007,0.0,0.3333,0.8007,1.0,0.74,0.3,0.1248,0.2,1.0,0.0,0.2,0.4253,0
CLT-1001,TRN-2008,1.0,0.2,0.8869,1.0,0.74,0.3,0.108,0.4264,1.0,0.0,0.5,0.5633,0
CLT-1001,TRN-2009,0.0,0.5,0.2852,0.5,0.61,0.3,0.1502,0.5,1.0,0.0,0.4,0.4078,0
CLT-1001,TRN-2010,1.0,0.0,0.774,0.5,0.61,0.3,0.1402,0.2,1.0,0.0,0.0,0.3925,0
CLT-1001,TRN-2011,0.0,0.0,0.1993,1.0,1.0,0.3,0.1543,0.5,0.5,0.0,0.2,0.3396,0
CLT-1001,TRN-2012,0.0,0.3333,0.728,1.0,0.74,0.3,0.1958,0.8189,0.2,0.0,0.0,0.3822,0
CLT-1001,TRN-2013,0.0,0.0,0.1816,0.5,0.74,0.3,0.1958,0.5,0.5,0.0,0.1429,0.2705,0
CLT-1001,TRN-2014,0.0,0.1667,0.1254,1.0,0.87,0.3,0.1958,0.5,1.0,0.0,0.0,0.363,0
CLT-1001,TRN-2015,1.0,0.25,0.2437,1.0,0.61,0.3,0.108,0.5,0.1,0.0,0.6667,0.4472,0
CLT-1001,TRN-2016,0.0,0.1667,0.6091,0.5,1.0,0.3,0.1502,0.4566,1.0,0.0,0.0,0.3764,0
CLT-1001,TRN-2017,1.0,0.2,0.787,1.0,1.0,0.3,0.1652,0.2,1.0,0.0,0.3333,0.5448,0
CLT-1001,TRN-2018,1.0,0.25,0.8893,0.5,0.61,0.3,0.1652,1.0,1.0,0.0,0.25,0.5434,0
CLT-1001,TRN-2019,0.0,0.0,0.373,0.5,0.61,0.3,1.0,0.5,0.7,0.0,0.0,0.3442,0
CLT-1001,TRN-2020,1.0,0.1667,0.7804,1.0,0.87,0.3,0.1814,0.4113,1.0,0.0,0.4,0.5551,1
CLT-1001,TRN-2021,1.0,0.3333,0.5959,0.5,0.74,0.3,0.1402,0.2,0.6,0.0,0.5,0.4664,0
CLT-1001,TRN-2022,1.0,0.0,0.7522,1.0,0.87,0.3,0.1502,0.4113,0.1,0.0,0.0,0.3935,0
CLT-1001,TRN-2023,0.0,0.0,0.3865,1.0,0.74,0.3,0.1652,0.5,0.8,0.0,0.2,0.3562,0
CLT-1001,TRN-2024,1.0,0.2,0.618,0.5,0.61,0.3,0.1958,0.683,1.0,0.0,0.0,0.4535,0
CLT-1001,TRN-2025,1.0,0.3333,0.2918,1.0,0.87,0.3,0.1077,0.5,0.3,0.0,0.1429,0.4382,0
CLT-1002,TRN-2001,1.0,0.3333,0.1716,1.0,0.61,1.0,0.0591,0.5,0.6,0.0,0.2,0.461,0
CLT-1002,TRN-2002,1.0,0.2,0.5966,0.5,0.87,1.0,0.1304,0.9245,0.9,0.0,0.2,0.5442,0
CLT-1002,TRN-2003,1.0,0.2,0.5928,1.0,0.87,1.0,0.0649,0.8642,1.0,0.0,0.0,0.5505,0
CLT-1002,TRN-2004,1.0,0.2,0.7595,1.0,0.61,1.0,0.1056,0.9396,0.7,0.0,0.0,0.5211,0
CLT-1002,TRN-2005,1.0,0.125,0.8796,0.5,0.61,1.0,0.0591,1.0,0.4,0.0,0.0,0.4606,0
CLT-1002,TRN-2006,1.0,0.1429,0.7643,1.0,0.61,1.0,0.1056,0.8189,1.0,0.0,0.0,0.5299,0
CLT-1002,TRN-2007,0.0,0.0,0.8986,1.0,0.74,1.0,0.0975,0.2,1.0,0.0,0.0,0.3914,0
CLT-1002,TRN-2008,1.0,0.3333,0.5954,1.0,0.74,1.0,1.0,0.4264,1.0,0.0,0.3333,0.6437,0
CLT-1002,TRN-2009,0.0,0.3333,0.2608,0.5,0.61,1.0,0.1394,0.5,1.0,0.0,0.0,0.36,0
CLT-1002,TRN-2010,1.0,0.2,0.8453,0.5,0.61,1.0,0.117,0.2,1.0,0.0,0.0,0.4548,0
CLT-1002,TRN-2011,0.0,0.1667,0.1728,1.0,1.0,1.0,0.1056,0.5,0.5,0.0,0.0,0.3597,0
CLT-1002,TRN-2012,0.0,0.0,0.8252,1.0,0.74,1.0,0.0888,0.8189,0.2,0.0,0.0,0.3679,0
CLT-1002,TRN-2013,0.0,0.2,0.3201,0.5,0.74,1.0,0.0888,0.5,0.5,0.0,0.2,0.339,0
CLT-1002,TRN-2014,0.0,0.125,0.173,1.0,0.87,1.0,0.0888,0.5,1.0,0.0,0.0,0.3833,0
CLT-1002,TRN-2015,1.0,0.75,0.1238,1.0,0.61,1.0,1.0,0.5,0.1,0.0,0.5,0.592,0
CLT-1002,TRN-2016,0.0,0.5,0.7458,0.5,1.0,1.0,0.1394,0.4566,1.0,0.0,0.0,0.4636,0
CLT-1002,TRN-2017,1.0,0.3333,0.6963,1.0,1.0,1.0,0.0591,0.2,1.0,0.0,0.2,0.5585,0
CLT-1002,TRN-2018,1.0,0.0,0.6232,0.5,0.61,1.0,0.0591,1.0,1.0,0.0,0.0,0.4745,0
CLT-1002,TRN-2019,0.0,0.6,0.1214,0.5,0.61,1.0,0.1056,0.5,0.7,0.0,0.0,0.3535,0
CLT-1002,TRN-2020,1.0,0.0,0.6705,1.0,0.87,1.0,0.1226,0.4113,1.0,0.0,0.0,0.4954,0
CLT-1002,TRN-2021,1.0,0.2,0.9481,0.5,0.74,1.0,0.117,0.2,0.6,0.0,0.0,0.4422,0
CLT-1002,TRN-2022,1.0,0.2,0.7335,1.0,0.87,1.0,0.1394,0.4113,0.1,0.0,0.0,0.4489,0
CLT-1002,TRN-2023,0.0,0.5,0.1029,1.0,0.74,1.0,0.0591,0.5,0.8,0.0,0.0,0.3929,0
CLT-1002,TRN-2024,1.0,0.0,0.8346,0.5,0.61,1.0,0.0888,0.683,1.0,0.0,0.0,0.4677,0
CLT-1002,TRN-2025,1.0,0.2,0.2161,1.0,0.87,1.0,0.0774,0.5,0.3,0.0,0.2,0.4498,0
CLT-1003,TRN-2001,0.3,0.2,0.1569,1.0,0.61,1.0,0.1652,0.5,0.6,0.0,0.2,0.3888,0
CLT-1003,TRN-2002,0.3,0.0,0.691,0.5,0.87,1.0,0.1188,0.9245,0.9,0.0,0.0,0.4356,0
CLT-1003,TRN-2003,0.3,0.3333,0.6386,1.0,0.87,0.7,0.1545,0.8642,1.0,0.0,0.0,0.5046,0
CLT-1003,TRN-2004,0.3,0.3333,0.9019,1.0,0.61,1.0,1.0,0.9396,0.7,0.0,0.0,0.5691,0
CLT-1003,TRN-2005,0.3,0.0,0.7243,0.5,0.61,1.0,0.1652,1.0,0.4,0.0,0.0,0.3769,0
CLT-1003,TRN-2006,0.3,0.2,0.8445,1.0,0.61,1.0,0.1543,0.8189,1.0,0.0,0.25,0.5201,0
CLT-1003,TRN-2007,1.0,0.0,0.6984,1.0,0.74,1.0,0.1248,0.2,1.0,0.0,0.0,0.4653,0
CLT-1003,TRN-2008,0.3,0.0,0.8299,1.0,0.74,1.0,0.108,0.4264,1.0,0.0,0.0,0.4332,0
CLT-1003,TRN-2009,1.0,0.0,0.1667,0.5,0.61,1.0,0.1502,0.5,1.0,0.0,0.25,0.4307,0
CLT-1003,TRN-2010,0.3,0.0,0.8118,0.5,0.61,1.0,0.1402,0.2,1.0,0.0,0.5,0.4316,0
CLT-1003,TRN-2011,1.0,0.0,0.239,1.0,1.0,1.0,0.1543,0.5,0.5,0.0,0.0,0.4369,0
CLT-1003,TRN-2012,1.0,0.0,0.7376,1.0,0.74,1.0,0.1958,0.8189,0.2,0.0,0.0,0.459,0
CLT-1003,TRN-2013,1.0,0.0,0.2648,0.5,0.74,1.0,0.1958,0.5,0.5,0.0,0.2,0.4061,0
CLT-1003,TRN-2014,1.0,0.0,0.365,1.0,0.87,1.0,0.1958,0.5,1.0,0.0,0.0,0.4826,0
CLT-1003,TRN-2015,0.3,0.25,0.3238,1.0,0.61,1.0,0.108,0.5,0.1,0.0,0.0,0.3338,0
CLT-1003,TRN-2016,1.0,0.0,0.8019,0.5,1.0,0.7,0.1502,0.4566,1.0,0.0,0.0,0.4785,0
CLT-1003,TRN-2017,0.3,0.5,0.5634,1.0,1.0,1.0,0.1652,0.2,1.0,0.0,0.0,0.4892,0
CLT-1003,TRN-2018,0.3,0.0,0.6196,0.5,0.61,1.0,0.1652,1.0,1.0,0.0,0.0,0.4211,0
CLT-1003,TRN-2019,1.0,0.5,0.2054,0.5,0.61,1.0,1.0,0.5,0.7,0.0,0.25,0.5502,0
CLT-1003,TRN-2020,0.3,0.1667,0.9035,1.0,0.87,1.0,0.1814,0.4113,1.0,0.0,0.25,0.5148,0
CLT-1003,TRN-2021,0.3,0.0,0.8158,0.5,0.74,1.0,0.1402,0.2,0.6,0.0,0.3333,0.3879,0
CLT-1003,TRN-2022,0.3,0.0,0.9076,1.0,0.87,1.0,0.1502,0.4113,0.1,0.0,0.3333,0.4208,0
CLT-1003,TRN-2023,1.0,0.3333,0.3533,1.0,0.74,1.0,0.1652,0.5,0.8,0.0,0.3333,0.5363,0
CLT-1003,TRN-2024,0.3,0.2,0.8102,0.5,0.61,1.0,0.1958,0.683,1.0,0.0,0.0,0.4394,0
CLT-1003,TRN-2025,0.3,0.0,0.2517,1.0,0.87,1.0,0.1077,0.5,0.3,0.0,0.0,0.3396,0
CLT-1004,TRN-2001,0.5,0.25,0.6605,1.0,0.61,1.0,0.0764,0.5,0.6,0.0,0.2857,0.4618,0
CLT-1004,TRN-2002,0.5,0.0,0.9428,0.5,0.87,1.0,0.1815,0.9245,0.9,0.0,0.2857,0.5198,0
CLT-1004,TRN-2003,0.5,0.0,0.9237,1.0,0.87,1.0,0.1569,0.8642,1.0,0.0,0.5,0.5838,0
CLT-1004,TRN-2004,0.5,0.0,0.586,0.5,0.61,1.0,0.1085,0.9396,0.7,0.0,0.2,0.4255,0
CLT-1004,TRN-2005,0.5,0.2,0.8585,1.0,0.61,1.0,0.0764,1.0,0.4,0.0,0.2,0.4881,0
CLT-1004,TRN-2006,0.5,0.25,0.9279,0.5,0.61,1.0,0.1573,0.8189,1.0,0.0,0.1429,0.5023,0
CLT-1004,TRN-2007,0.5,0.0,0.8973,0.5,0.74,1.0,0.0906,0.2,1.0,0.0,0.1667,0.422,0
CLT-1004,TRN-2008,0.5,0.25,0.76,0.5,0.74,1.0,0.1663,0.4264,1.0,0.0,0.1667,0.4702,0
CLT-1004,TRN-2009,0.5,0.25,0.5591,1.0,0.61,1.0,1.0,0.5,1.0,0.0,0.6,0.613,1
CLT-1004,TRN-2010,0.5,0.0,0.5865,1.0,0.61,1.0,0.1309,0.2,1.0,0.0,0.2,0.4241,0
CLT-1004,TRN-2011,0.5,0.0,0.8442,0.5,1.0,1.0,0.1573,0.5,0.5,0.0,0.4,0.4644,0
CLT-1004,TRN-2012,0.5,0.0,0.8167,1.0,0.74,1.0,0.1171,0.8189,0.2,0.0,0.0,0.4143,0
CLT-1004,TRN-2013,0.5,0.0,0.5692,0.5,0.74,1.0,0.1171,0.5,0.5,0.0,0.125,0.3716,0
CLT-1004,TRN-2014,0.5,0.2,0.9368,1.0,0.87,1.0,0.1171,0.5,1.0,0.0,0.1667,0.5311,0
CLT-1004,TRN-2015,0.5,0.3333,0.7115,0.5,0.61,1.0,0.1663,0.5,0.1,0.0,0.2,0.3937,0
CLT-1004,TRN-2016,0.5,0.2,0.8287,1.0,1.0,1.0,1.0,0.4566,1.0,0.0,0.0,0.588,0
CLT-1004,TRN-2017,0.5,0.25,0.8318,1.0,1.0,1.0,0.0764,0.2,1.0,0.0,0.125,0.5063,0
CLT-1004,TRN-2018,0.5,0.0,0.8652,1.0,0.61,1.0,0.0764,1.0,1.0,0.0,0.2,0.5155,0
CLT-1004,TRN-2019,0.5,0.0,0.7727,1.0,0.61,1.0,0.1085,0.5,0.7,0.0,0.1429,0.431,0
CLT-1004,TRN-2020,0.5,0.0,0.8478,0.5,0.87,1.0,0.0724,0.4113,1.0,0.0,0.6,0.5067,0
CLT-1004,TRN-2021,0.5,0.0,0.9495,0.5,0.74,1.0,0.1309,0.2,0.6,0.0,0.75,0.4726,0
CLT-1004,TRN-2022,0.5,0.0,0.7872,1.0,0.87,1.0,1.0,0.4113,0.1,0.0,0.1667,0.4815,0
CLT-1004,TRN-2023,0.5,0.0,0.7328,1.0,0.74,1.0,0.0764,0.5,0.8,0.0,0.4,0.4819,0
CLT-1004,TRN-2024,0.5,0.0,0.7569,1.0,0.61,1.0,0.1171,0.683,1.0,0.0,0.0,0.4544,0
CLT-1004,TRN-2025,0.5,0.5,0.7204,1.0,0.87,1.0,0.1333,0.5,0.3,0.0,0.0,0.4685,0
CLT-1005,TRN-2001,1.0,0.1429,0.5836,0.5,0.61,0.3,0.1199,0.5,0.6,0.0,0.1429,0.4031,0
CLT-1005,TRN-2002,1.0,0.0,0.7884,1.0,0.87,0.3,0.1111,0.9245,0.9,0.0,0.1429,0.5297,0
CLT-1005,TRN-2003,1.0,0.2,0.854,0.5,0.87,0.3,0.1282,0.8642,1.0,0.0,0.0,0.5125,0
CLT-1005,TRN-2004,1.0,0.0,0.6372,1.0,0.61,0.3,0.063,0.9396,0.7,0.0,0.25,0.4819,0
CLT-1005,TRN-2005,1.0,0.8,0.7137,1.0,0.61,0.3,0.1199,1.0,0.4,0.0,0.0,0.546,0
CLT-1005,TRN-2006,1.0,0.6,0.7777,0.5,0.61,0.3,0.1404,0.8189,1.0,0.0,0.1667,0.5508,1
CLT-1005,TRN-2007,0.0,0.0,0.642,1.0,0.74,0.3,0.0948,0.2,1.0,0.0,0.0,0.337,0
CLT-1005,TRN-2008,1.0,0.3333,0.7263,0.5,0.74,0.3,0.1377,0.4264,1.0,0.0,0.0,0.4668,0
CLT-1005,TRN-2009,0.0,0.3333,0.727,1.0,0.61,0.3,0.0653,0.5,1.0,0.0,0.1667,0.4218,0
CLT-1005,TRN-2010,1.0,0.2,0.9337,1.0,0.61,0.3,0.126,0.2,1.0,0.0,0.25,0.5015,0
CLT-1005,TRN-2011,0.0,0.4,0.7596,1.0,1.0,0.3,0.1404,0.5,0.5,0.0,0.0,0.4152,0
CLT-1005,TRN-2012,0.0,0.0,0.5571,0.5,0.74,0.3,0.0829,0.8189,0.2,0.0,0.5,0.3435,0
CLT-1005,TRN-2013,0.0,0.0,0.6301,0.5,0.74,0.3,0.0829,0.5,0.5,0.0,0.3333,0.326,0
CLT-1005,TRN-2014,0.0,0.5,0.7822,1.0,0.87,0.3,0.0829,0.5,1.0,0.0,0.5,0.5231,0
CLT-1005,TRN-2015,1.0,0.1667,0.7312,1.0,0.61,0.3,0.1377,0.5,0.1,0.0,0.0,0.3929,0
CLT-1005,TRN-2016,0.0,0.2857,0.6313,1.0,1.0,0.3,0.0653,0.4566,1.0,0.0,0.6667,0.5118,0
CLT-1005,TRN-2017,1.0,0.1429,0.849,0.5,1.0,0.3,0.1199,0.2,1.0,0.0,0.3333,0.503,0
CLT-1005,TRN-2018,1.0,0.4,0.7603,1.0,0.61,0.3,0.1199,1.0,1.0,0.0,0.25,0.5837,1
CLT-1005,TRN-2019,0.0,0.0,0.7824,0.5,0.61,0.3,0.063,0.5,0.7,0.0,0.1667,0.3194,0
CLT-1005,TRN-2020,1.0,0.125,0.8012,1.0,0.87,0.3,0.1306,0.4113,1.0,0.0,0.1667,0.5156,0
CLT-1005,TRN-2021,1.0,0.0,0.6108,0.5,0.74,0.3,0.126,0.2,0.6,0.0,0.0,0.3549,0
CLT-1005,TRN-2022,1.0,0.0,0.7676,0.5,0.87,0.3,0.0653,0.4113,0.1,0.0,0.2,0.3784,0
CLT-1005,TRN-2023,0.0,0.0,0.7336,0.5,0.74,0.3,0.1199,0.5,0.8,0.0,0.2,0.3475,0
CLT-1005,TRN-2024,1.0,0.1429,0.7077,1.0,0.61,0.3,0.0829,0.683,1.0,0.0,0.6667,0.5688,1
CLT-1005,TRN-2025,1.0,0.5,0.8656,0.5,0.87,0.3,0.077,0.5,0.3,0.0,0.6,0.5345,0
CLT-1006,TRN-2001,1.0,0.0,0.9391,0.5,0.61,1.0,0.5,0.5,0.6,0.0,0.2857,0.5,0
CLT-1006,TRN-2002,1.0,0.3333,0.7312,0.5,0.87,0.7,0.5,0.9245,0.9,0.0,0.2857,0.6052,1
CLT-1006,TRN-2003,1.0,0.0,0.1188,0.5,0.87,0.3,0.5,0.8642,1.0,0.0,0.5,0.5203,0
CLT-1006,TRN-2004,1.0,0.0,0.1374,1.0,0.61,0.3,0.5,0.9396,0.7,0.0,0.2,0.4696,0
CLT-1006,TRN-2005,1.0,0.1667,0.5892,1.0,0.61,1.0,0.5,1.0,0.4,0.0,0.5,0.5823,0
CLT-1006,TRN-2006,1.0,0.2,0.3467,1.0,0.61,0.3,0.5,0.8189,1.0,0.0,0.3333,0.5489,0
CLT-1006,TRN-2007,0.0,0.0,0.3511,1.0,0.74,0.3,0.5,0.2,1.0,0.0,0.75,0.4477,0
CLT-1006,TRN-2008,1.0,0.5,0.1174,1.0,0.74,1.0,0.5,0.4264,1.0,0.0,0.4,0.5877,0
CLT-1006,TRN-2009,0.0,0.5,0.8889,1.0,0.61,0.3,0.5,0.5,1.0,0.0,0.3333,0.5197,0
CLT-1006,TRN-2010,1.0,0.0,0.3947,1.0,0.61,1.0,0.5,0.2,1.0,0.0,0.0,0.4577,0
CLT-1006,TRN-2011,0.0,0.25,0.7835,1.0,1.0,1.0,0.5,0.5,0.5,0.0,0.4,0.5142,0
CLT-1006,TRN-2012,0.0,0.0,0.6006,1.0,0.74,1.0,0.5,0.8189,0.2,0.0,0.1667,0.4069,0
CLT-1006,TRN-2013,0.0,0.0,0.705,1.0,0.74,0.7,0.5,0.5,0.5,0.0,0.125,0.3956,0
CLT-1006,TRN-2014,0.0,0.1667,0.6961,1.0,0.87,1.0,0.5,0.5,1.0,0.0,0.0,0.4723,0
CLT-1006,TRN-2015,1.0,0.25,0.686,1.0,0.61,1.0,0.5,0.5,0.1,0.0,0.2,0.4904,0
CLT-1006,TRN-2016,0.0,0.1667,0.2892,0.5,1.0,0.3,0.5,0.4566,1.0,0.0,0.0,0.3791,0
CLT-1006,TRN-2017,1.0,0.0,0.7945,1.0,1.0,0.7,0.5,0.2,1.0,0.0,0.2857,0.5601,0
CLT-1006,TRN-2018,1.0,0.25,0.3063,0.5,0.61,1.0,0.5,1.0,1.0,0.0,0.2,0.5458,0
CLT-1006,TRN-2019,0.0,0.2,0.7592,0.5,0.61,1.0,0.5,0.5,0.7,0.0,0.3333,0.4367,0
CLT-1006,TRN-2020,1.0,0.0,0.3415,1.0,0.87,0.7,0.5,0.4113,1.0,0.0,0.3333,0.531,0
CLT-1006,TRN-2021,1.0,0.0,0.3862,0.5,0.74,0.7,0.5,0.2,0.6,0.0,0.4,0.4397,0
CLT-1006,TRN-2022,1.0,0.0,0.8268,1.0,0.87,1.0,0.5,0.4113,0.1,0.0,0.1667,0.485,0
CLT-1006,TRN-2023,0.0,0.0,0.6752,0.5,0.74,0.7,0.5,0.5,0.8,0.0,0.1667,0.3896,0
CLT-1006,TRN-2024,1.0,0.2,0.327,0.5,0.61,0.3,0.5,0.683,1.0,0.0,0.0,0.4546,0
CLT-1006,TRN-2025,1.0,0.0,0.913,1.0,0.87,0.7,0.5,0.5,0.3,0.0,0.125,0.4995,0
CLT-1007,TRN-2001,0.3,0.0,0.6414,0.5,0.61,1.0,0.4302,0.5,0.6,0.0,0.3333,0.411,0
CLT-1007,TRN-2002,0.3,0.25,0.7106,0.5,0.87,1.0,0.651,0.9245,0.9,0.0,0.1429,0.5375,0
CLT-1007,TRN-2003,0.3,0.0,0.8569,0.5,0.87,1.0,1.0,0.8642,1.0,0.0,0.25,0.5661,0
CLT-1007,TRN-2004,0.3,0.0,0.6298,1.0,0.61,1.0,0.6838,0.9396,0.7,0.0,0.25,0.5054,0
CLT-1007,TRN-2005,0.3,0.1429,0.5914,1.0,0.61,1.0,0.4302,1.0,0.4,0.0,0.25,0.477,0
CLT-1007,TRN-2006,0.3,0.0,0.7764,1.0,0.61,1.0,0.5688,0.8189,1.0,0.0,0.1667,0.513,0
CLT-1007,TRN-2007,1.0,0.0,0.867,1.0,0.74,1.0,0.6364,0.2,1.0,0.0,0.2,0.5528,0
CLT-1007,TRN-2008,0.3,0.0,0.9071,1.0,0.74,1.0,0.4598,0.4264,1.0,0.0,0.2,0.4983,0
CLT-1007,TRN-2009,1.0,0.0,0.825,1.0,0.61,1.0,0.6558,0.5,1.0,0.0,0.1667,0.5592,0
CLT-1007,TRN-2010,0.3,0.25,0.5543,1.0,0.61,1.0,0.4888,0.2,1.0,0.0,0.0,0.442,0
CLT-1007,TRN-2011,1.0,0.5,0.9357,1.0,1.0,1.0,0.5688,0.5,0.5,0.0,0.0,0.6031,0
CLT-1007,TRN-2012,1.0,0.0,0.6556,1.0,0.74,1.0,0.2722,0.8189,0.2,0.0,0.0,0.4585,0
CLT-1007,TRN-2013,1.0,0.25,0.5898,1.0,0.74,1.0,0.2722,0.5,0.5,0.0,0.3333,0.529,0
CLT-1007,TRN-2014,1.0,0.1429,0.7426,1.0,0.87,1.0,0.2722,0.5,1.0,0.0,0.2,0.569,0
CLT-1007,TRN-2015,0.3,0.0,0.9266,1.0,0.61,1.0,0.4598,0.5,0.1,0.0,0.25,0.4191,0
CLT-1007,TRN-2016,1.0,0.3333,0.6479,0.5,1.0,1.0,0.6558,0.4566,1.0,0.0,0.25,0.6014,0
CLT-1007,TRN-2017,0.3,0.1667,0.9215,1.0,1.0,1.0,0.4302,0.2,1.0,0.0,0.3333,0.5448,0
CLT-1007,TRN-2018,0.3,0.2,0.793,0.5,0.61,1.0,0.4302,1.0,1.0,0.0,0.6667,0.5764,1
CLT-1007,TRN-2019,1.0,0.1667,0.8682,0.5,0.61,1.0,0.6838,0.5,0.7,0.0,0.0,0.503,0
CLT-1007,TRN-2020,0.3,0.1429,0.8696,1.0,0.87,1.0,0.6189,0.4113,1.0,0.0,0.1667,0.5364,0
CLT-1007,TRN-2021,0.3,0.25,0.8206,0.5,0.74,1.0,0.4888,0.2,0.6,0.0,0.2,0.435,0
CLT-1007,TRN-2022,0.3,0.25,0.6112,1.0,0.87,1.0,0.6558,0.4113,0.1,0.0,0.0,0.4283,0
CLT-1007,TRN-2023,1.0,0.25,0.8502,0.5,0.74,1.0,0.4302,0.5,0.8,0.0,0.0,0.5128,0
CLT-1007,TRN-2024,0.3,0.0,0.9139,0.5,0.61,1.0,0.2722,0.683,1.0,0.0,0.25,0.4622,0
CLT-1007,TRN-2025,0.3,0.25,0.6026,1.0,0.87,1.0,0.747,0.5,0.3,0.0,0.3333,0.5061,0
CLT-1008,TRN-2001,0.5,0.1667,0.5576,1.0,0.61,0.7,0.5,0.5,0.6,0.0,0.2857,0.4659,0
CLT-1008,TRN-2002,0.5,0.25,0.795,1.0,0.87,0.3,0.5,0.9245,0.9,0.0,0.2857,0.573,0
CLT-1008,TRN-2003,0.5,0.0,0.3926,1.0,0.87,0.3,0.5,0.8642,1.0,0.0,0.2,0.4956,0
CLT-1008,TRN-2004,0.5,0.0,0.2517,1.0,0.61,0.3,0.5,0.9396,0.7,0.0,0.0,0.4083,0
CLT-1008,TRN-2005,0.5,0.0,0.87,0.5,0.61,0.7,0.5,1.0,0.4,0.0,0.5,0.4913,0
CLT-1008,TRN-2006,0.5,0.0,0.125,1.0,0.61,0.3,0.5,0.8189,1.0,0.0,0.3333,0.4577,0
CLT-1008,TRN-2007,0.5,0.25,0.1396,1.0,0.74,0.3,0.5,0.2,1.0,0.0,0.75,0.5069,0
CLT-1008,TRN-2008,0.5,0.0,0.1087,1.0,0.74,0.7,0.5,0.4264,1.0,0.0,0.1667,0.4306,0
CLT-1008,TRN-2009,0.5,0.0,0.7531,1.0,0.61,0.3,0.5,0.5,1.0,0.0,0.1429,0.4598,0
CLT-1008,TRN-2010,0.5,0.25,0.1638,0.5,0.61,0.7,0.5,0.2,1.0,0.0,0.0,0.3769,0
CLT-1008,TRN-2011,0.5,0.2,0.7828,0.5,1.0,0.7,0.5,0.5,0.5,0.0,0.1667,0.4717,0
CLT-1008,TRN-2012,0.5,0.0,0.8476,1.0,0.74,0.7,0.5,0.8189,0.2,0.0,0.4,0.4915,0
CLT-1008,TRN-2013,0.5,0.6667,0.5649,0.5,0.74,0.3,0.5,0.5,0.5,0.0,0.2857,0.485,0
CLT-1008,TRN-2014,0.5,0.1429,0.59,1.0,0.87,0.7,0.5,0.5,1.0,0.0,0.0,0.4909,0
CLT-1008,TRN-2015,0.5,0.0,0.7967,1.0,0.61,0.7,0.5,0.5,0.1,0.0,0.0,0.382,0
CLT-1008,TRN-2016,0.5,0.3333,0.214,0.5,1.0,0.3,0.5,0.4566,1.0,0.0,0.0,0.4393,0
CLT-1008,TRN-2017,0.5,0.1667,0.6883,1.0,1.0,0.3,0.5,0.2,1.0,0.0,0.2857,0.5104,0
CLT-1008,TRN-2018,0.5,0.0,0.189,0.5,0.61,0.7,0.5,1.0,1.0,0.0,0.2,0.4438,0
CLT-1008,TRN-2019,0.5,0.1667,0.9154,1.0,0.61,0.7,0.5,0.5,0.7,0.0,0.3333,0.5132,0
CLT-1008,TRN-2020,0.5,0.1429,0.2204,1.0,0.87,0.3,0.5,0.4113,1.0,0.0,0.1429,0.4513,0
CLT-1008,TRN-2021,0.5,0.25,0.311,1.0,0.74,0.3,0.5,0.2,0.6,0.0,0.1667,0.4084,0
CLT-1008,TRN-2022,0.5,0.25,0.8902,1.0,0.87,0.7,0.5,0.4113,0.1,0.0,0.1667,0.4661,0
CLT-1008,TRN-2023,0.5,0.25,0.7527,0.5,0.74,0.3,0.5,0.5,0.8,0.0,0.1667,0.4568,0
CLT-1008,TRN-2024,0.5,0.1667,0.2278,0.5,0.61,0.3,0.5,0.683,1.0,0.0,0.0,0.3967,0
CLT-1008,TRN-2025,0.5,0.0,0.8229,1.0,0.87,0.3,0.5,0.5,0.3,0.0,0.2857,0.4505,0
CLT-1009,TRN-2001,1.0,0.1667,0.1861,0.5,0.61,0.3,1.0,0.5,0.6,0.0,0.0,0.4302,0
CLT-1009,TRN-2002,1.0,0.0,0.9403,0.5,0.87,0.3,0.1182,0.9245,0.9,0.0,0.4,0.5426,0
CLT-1009,TRN-2003,1.0,0.25,0.6208,0.5,0.87,0.3,0.2185,0.8642,1.0,0.0,0.3333,0.5511,0
CLT-1009,TRN-2004,1.0,0.25,0.8653,1.0,0.61,0.3,0.1198,0.9396,0.7,0.0,0.3333,0.5519,1
CLT-1009,TRN-2005,1.0,0.1429,0.8139,1.0,0.61,0.3,1.0,1.0,0.4,0.0,0.3333,0.5902,0
CLT-1009,TRN-2006,1.0,0.0,0.68,1.0,0.61,0.3,0.1405,0.8189,1.0,0.0,0.2,0.5019,0
CLT-1009,TRN-2007,0.3,0.0,0.7145,1.0,0.74,0.3,0.2751,0.2,1.0,0.0,0.25,0.4199,0
CLT-1009,TRN-2008,1.0,0.0,0.5849,1.0,0.74,0.3,0.2191,0.4264,1.0,0.0,0.25,0.486,0
CLT-1009,TRN-2009,0.3,0.0,0.2656,1.0,0.61,0.3,0.1559,0.5,1.0,0.0,0.2,0.3753,0
CLT-1009,TRN-2010,1.0,0.25,0.942,1.0,0.61,0.3,0.1429,0.2,1.0,0.0,0.0,0.477,0
CLT-1009,TRN-2011,0.3,0.5,0.1892,1.0,1.0,0.3,0.1405,0.5,0.5,0.0,0.6667,0.4937,0
CLT-1009,TRN-2012,0.3,0.0,0.6684,1.0,0.74,0.3,0.125,0.8189,0.2,0.0,0.0,0.3527,0
CLT-1009,TRN-2013,0.3,0.25,0.1623,1.0,0.74,0.3,0.125,0.5,0.5,0.0,0.1667,0.3616,0
CLT-1009,TRN-2014,0.3,0.0,0.3054,1.0,0.87,0.3,0.125,0.5,1.0,0.0,0.0,0.3772,0
CLT-1009,TRN-2015,1.0,0.2,0.2346,1.0,0.61,0.3,0.2191,0.5,0.1,0.0,0.3333,0.405,0
CLT-1009,TRN-2016,0.3,0.3333,0.5512,0.5,1.0,0.3,0.1559,0.4566,1.0,0.0,0.0,0.4209,0
CLT-1009,TRN-2017,1.0,0.1667,0.8357,1.0,1.0,0.3,1.0,0.2,1.0,0.0,0.4,0.6282,1
CLT-1009,TRN-2018,1.0,0.2,0.8539,0.5,0.61,0.3,1.0,1.0,1.0,0.0,0.0,0.5746,0
CLT-1009,TRN-2019,0.3,0.4,0.2473,0.5,0.61,0.3,0.1198,0.5,0.7,0.0,0.2,0.3615,0
CLT-1009,TRN-2020,1.0,0.0,0.8993,1.0,0.87,0.3,0.1662,0.4113,1.0,0.0,0.2,0.5153,0
CLT-1009,TRN-2021,1.0,0.25,0.71,0.5,0.74,0.3,0.1429,0.2,0.6,0.0,0.25,0.4322,0
CLT-1009,TRN-2022,1.0,0.25,0.9421,1.0,0.87,0.3,0.1559,0.4113,0.1,0.0,0.25,0.478,0
CLT-1009,TRN-2023,0.3,0.6667,0.2047,0.5,0.74,0.3,1.0,0.5,0.8,0.0,0.25,0.5016,0
CLT-1009,TRN-2024,1.0,0.0,0.9429,0.5,0.61,0.3,0.125,0.683,1.0,0.0,0.0,0.4494,0
CLT-1009,TRN-2025,1.0,0.25,0.247,1.0,0.87,0.3,0.2039,0.5,0.3,0.0,0.0,0.4125,0
CLT-1010,TRN-2001,1.0,0.0,0.8538,1.0,0.61,1.0,0.5,0.5,0.6,0.0,0.0,0.4898,0
CLT-1010,TRN-2002,1.0,0.3333,0.7613,0.5,0.87,1.0,0.5,0.9245,0.9,0.0,0.4,0.6366,1
CLT-1010,TRN-2003,1.0,0.0,0.3599,1.0,0.87,0.7,0.5,0.8642,1.0,0.0,0.3333,0.573,0
CLT-1010,TRN-2004,1.0,0.0,0.3411,1.0,0.61,1.0,0.5,0.9396,0.7,0.0,0.3333,0.5368,0
CLT-1010,TRN-2005,1.0,0.0,0.7504,0.5,0.61,1.0,0.5,1.0,0.4,0.0,0.3333,0.5163,0
CLT-1010,TRN-2006,1.0,0.0,0.1375,1.0,0.61,1.0,0.5,0.8189,1.0,0.0,0.2,0.5168,0
CLT-1010,TRN-2007,0.3,0.0,0.2709,1.0,0.74,1.0,0.5,0.2,1.0,0.0,0.25,0.4316,0
CLT-1010,TRN-2008,1.0,0.0,0.3631,1.0,0.74,1.0,0.5,0.4264,1.0,0.0,0.25,0.5225,0
CLT-1010,TRN-2009,0.3,0.0,0.5586,0.5,0.61,1.0,0.5,0.5,1.0,0.0,0.2,0.4277,0
CLT-1010,TRN-2010,1.0,0.3333,0.191,0.5,0.61,1.0,0.5,0.2,1.0,0.0,0.0,0.4485,0
CLT-1010,TRN-2011,0.3,0.25,0.9358,1.0,1.0,1.0,0.5,0.5,0.5,0.0,0.6667,0.5903,1
CLT-1010,TRN-2012,0.3,0.0,0.7378,1.0,0.74,1.0,0.5,0.8189,0.2,0.0,0.0,0.4236,0
CLT-1010,TRN-2013,0.3,0.3333,0.8044,0.5,0.74,1.0,0.5,0.5,0.5,0.0,0.1667,0.4591,0
CLT-1010,TRN-2014,0.3,0.1667,0.7204,1.0,0.87,1.0,0.5,0.5,1.0,0.0,0.0,0.5013,0
CLT-1010,TRN-2015,1.0,0.0,0.6638,1.0,0.61,1.0,0.5,0.5,0.1,0.0,0.3333,0.4728,0
CLT-1010,TRN-2016,0.3,0.1667,0.2603,0.5,1.0,0.7,0.5,0.4566,1.0,0.0,0.0,0.4212,0
CLT-1010,TRN-2017,1.0,0.2,0.847,1.0,1.0,1.0,0.5,0.2,1.0,0.0,0.4,0.6203,1
CLT-1010,TRN-2018,1.0,0.0,0.3997,0.5,0.61,1.0,0.5,1.0,1.0,0.0,0.0,0.4939,0
CLT-1010,TRN-2019,0.3,0.2,0.9284,0.5,0.61,1.0,0.5,0.5,0.7,0.0,0.2,0.4608,0
CLT-1010,TRN-2020,1.0,0.1667,0.1732,1.0,0.87,1.0,0.5,0.4113,1.0,0.0,0.2,0.5338,0
CLT-1010,TRN-2021,1.0,0.3333,0.155,0.5,0.74,1.0,0.5,0.2,0.6,0.0,0.25,0.457,0
CLT-1010,TRN-2022,1.0,0.3333,0.7459,1.0,0.87,1.0,0.5,0.4113,0.1,0.0,0.25,0.5336,0
CLT-1010,TRN-2023,0.3,0.3333,0.9223,1.0,0.74,1.0,0.5,0.5,0.8,0.0,0.25,0.5433,0
CLT-1010,TRN-2024,1.0,0.0,0.385,0.5,0.61,1.0,0.5,0.683,1.0,0.0,0.0,0.4643,0
CLT-1010,TRN-2025,1.0,0.0,0.693,1.0,0.87,1.0,0.5,0.5,0.3,0.0,0.0,0.4765,0
CLT-1011,TRN-2001,0.5,0.0,0.8366,1.0,0.61,0.7,0.4786,0.5,0.6,0.0,0.0,0.4283,0
CLT-1011,TRN-2002,0.5,0.0,0.6335,0.5,0.87,0.3,0.5355,0.9245,0.9,0.0,0.4,0.5078,0
CLT-1011,TRN-2003,0.5,0.0,0.9248,1.0,0.87,0.3,0.5738,0.8642,1.0,0.0,0.3333,0.5676,0
CLT-1011,TRN-2004,0.5,0.0,0.6876,0.5,0.61,0.3,0.5998,0.9396,0.7,0.0,0.3333,0.4651,0
CLT-1011,TRN-2005,0.5,0.1667,0.602,1.0,0.61,0.7,0.4786,1.0,0.4,0.0,0.3333,0.5011,0
CLT-1011,TRN-2006,0.5,0.5,0.8454,0.5,0.61,0.3,0.2598,0.8189,1.0,0.0,0.2,0.5139,0
CLT-1011,TRN-2007,0.5,0.0,0.8261,0.5,0.74,0.3,0.5617,0.2,1.0,0.0,0.25,0.4376,0
CLT-1011,TRN-2008,0.5,0.2,0.9013,0.5,0.74,0.7,0.2185,0.4264,1.0,0.0,0.25,0.4785,0
CLT-1011,TRN-2009,0.5,0.2,0.8456,1.0,0.61,0.3,0.2583,0.5,1.0,0.0,0.2,0.4809,0
CLT-1011,TRN-2010,0.5,0.0,0.7826,1.0,0.61,0.7,1.0,0.2,1.0,0.0,0.0,0.479,0
CLT-1011,TRN-2011,0.5,0.25,0.8423,0.5,1.0,0.7,0.2598,0.5,0.5,0.0,0.6667,0.5292,0
CLT-1011,TRN-2012,0.5,0.0,0.7545,1.0,0.74,0.7,0.4219,0.8189,0.2,0.0,0.0,0.4226,0
CLT-1011,TRN-2013,0.5,0.0,0.6317,0.5,0.74,0.3,0.4219,0.5,0.5,0.0,0.1667,0.3787,0
CLT-1011,TRN-2014,0.5,0.1667,0.6527,1.0,0.87,0.7,0.4219,0.5,1.0,0.0,0.0,0.4927,0
CLT-1011,TRN-2015,0.5,0.0,0.6032,0.5,0.61,0.7,0.2185,0.5,0.1,0.0,0.3333,0.3485,0
CLT-1011,TRN-2016,0.5,0.0,0.6102,1.0,1.0,0.3,0.2583,0.4566,1.0,0.0,0.0,0.4442,0
CLT-1011,TRN-2017,0.5,0.2,0.7174,1.0,1.0,0.3,0.4786,0.2,1.0,0.0,0.4,0.5309,0
CLT-1011,TRN-2018,0.5,0.25,0.7632,1.0,0.61,0.7,0.4786,1.0,1.0,0.0,0.0,0.5356,0
CLT-1011,TRN-2019,0.5,0.2,0.5945,1.0,0.61,0.7,0.5998,0.5,0.7,0.0,0.2,0.48,0
CLT-1011,TRN-2020,0.5,0.1667,0.6047,0.5,0.87,0.3,0.2312,0.4113,1.0,0.0,0.2,0.4367,0
CLT-1011,TRN-2021,0.5,0.0,0.5929,0.5,0.74,0.3,1.0,0.2,0.6,0.0,0.25,0.4202,0
CLT-1011,TRN-2022,0.5,0.0,0.8165,1.0,0.87,0.7,0.2583,0.4113,0.1,0.0,0.25,0.4156,0
CLT-1011,TRN-2023,0.5,0.0,0.6356,1.0,0.74,0.3,0.4786,0.5,0.8,0.0,0.25,0.4578,0
CLT-1011,TRN-2024,0.5,0.5,0.8373,1.0,0.61,0.3,0.4219,0.683,1.0,0.0,0.0,0.5245,0
CLT-1011,TRN-2025,0.5,0.0,0.6962,1.0,0.87,0.3,0.3759,0.5,0.3,0.0,0.0,0.3898,0
CLT-1012,TRN-2001,0.3,0.25,0.2571,1.0,0.61,0.7,0.4957,0.5,0.6,0.0,0.2,0.4205,0
CLT-1012,TRN-2002,0.3,0.0,0.9297,0.5,0.87,0.3,0.3563,0.9245,0.9,0.0,0.0,0.4468,0
CLT-1012,TRN-2003,0.3,0.5,0.6792,1.0,0.87,0.3,0.4634,0.8642,1.0,0.0,0.0,0.5403,0
CLT-1012,TRN-2004,0.3,0.5,0.5875,0.5,0.61,0.3,1.0,0.9396,0.7,0.0,0.0,0.4963,0
CLT-1012,TRN-2005,0.3,0.0,0.5544,1.0,0.61,0.7,0.4957,1.0,0.4,0.0,0.0,0.4136,0
CLT-1012,TRN-2006,0.3,0.0,0.6917,0.5,0.61,0.3,0.463,0.8189,1.0,0.0,0.0,0.4068,0
CLT-1012,TRN-2007,1.0,0.0,0.796,0.5,0.74,0.3,0.3745,0.2,1.0,0.0,0.0,0.4293,0
CLT-1012,TRN-2008,0.3,0.0,0.8889,0.5,0.74,0.7,0.324,0.4264,1.0,0.0,0.0,0.4087,0
CLT-1012,TRN-2009,1.0,0.0,0.2837,1.0,0.61,0.3,0.4506,0.5,1.0,0.0,0.25,0.4724,0
CLT-1012,TRN-2010,0.3,0.0,0.7661,1.0,0.61,0.7,0.4207,0.2,1.0,0.0,0.5,0.4749,0
CLT-1012,TRN-2011,1.0,0.0,0.1937,0.5,1.0,0.7,0.463,0.5,0.5,0.0,0.0,0.4113,0
CLT-1012,TRN-2012,1.0,0.0,0.8389,1.0,0.74,0.7,0.5874,0.8189,0.2,0.0,0.3333,0.5342,0
CLT-1012,TRN-2013,1.0,0.0,0.2017,0.5,0.74,0.3,0.5874,0.5,0.5,0.0,0.0,0.3774,0
CLT-1012,TRN-2014,1.0,0.0,0.3957,1.0,0.87,0.7,0.5874,0.5,1.0,0.0,0.3333,0.5515,0
CLT-1012,TRN-2015,0.3,0.3333,0.1776,0.5,0.61,0.7,0.324,0.5,0.1,0.0,0.0,0.3021,0
CLT-1012,TRN-2016,1.0,0.0,0.853,1.0,1.0,0.3,0.4506,0.4566,1.0,0.0,0.5,0.5947,0
CLT-1012,TRN-2017,0.3,0.25,0.9073,1.0,1.0,0.3,0.4957,0.2,1.0,0.0,0.0,0.4846,0
CLT-1012,TRN-2018,0.3,0.0,0.7434,1.0,0.61,0.7,0.4957,1.0,1.0,0.0,0.0,0.484,0
CLT-1012,TRN-2019,1.0,0.25,0.2077,1.0,0.61,0.7,1.0,0.5,0.7,0.0,0.25,0.5393,0
CLT-1012,TRN-2020,0.3,0.0,0.622,0.5,0.87,0.3,0.5443,0.4113,1.0,0.0,0.25,0.4327,0
CLT-1012,TRN-2021,0.3,0.0,0.5609,0.5,0.74,0.3,0.4207,0.2,0.6,0.0,0.0,0.3143,0
CLT-1012,TRN-2022,0.3,0.0,0.7012,1.0,0.87,0.7,0.4506,0.4113,0.1,0.0,0.3333,0.4158,0
CLT-1012,TRN-2023,1.0,0.5,0.1387,1.0,0.74,0.3,0.4957,0.5,0.8,0.0,0.0,0.4931,0
CLT-1012,TRN-2024,0.3,0.0,0.6574,1.0,0.61,0.3,0.5874,0.683,1.0,0.0,0.5,0.5053,0
CLT-1012,TRN-2025,0.3,0.0,0.2483,1.0,0.87,0.3,0.3232,0.5,0.3,0.0,0.2,0.3541,0
CLT-1013,TRN-2001,0.3,0.0,0.3032,1.0,0.61,0.7,0.1147,0.5,0.6,0.0,0.0,0.3303,0
CLT-1013,TRN-2002,0.3,0.0,0.6816,0.5,0.87,0.3,0.1736,0.9245,0.9,0.0,0.3333,0.453,0
CLT-1013,TRN-2003,0.3,0.3333,0.7976,1.0,0.87,0.3,1.0,0.8642,1.0,0.0,0.0,0.5764,0
CLT-1013,TRN-2004,0.3,0.0,0.9463,0.5,0.61,0.3,0.1823,0.9396,0.7,0.0,0.25,0.4219,0
CLT-1013,TRN-2005,0.3,0.1667,0.7406,1.0,0.61,0.7,0.1147,1.0,0.4,0.0,0.0,0.4185,0
CLT-1013,TRN-2006,0.3,0.5,0.873,0.5,0.61,0.3,0.1517,0.8189,1.0,0.0,0.1667,0.4844,0
CLT-1013,TRN-2007,1.0,0.0,0.9257,0.5,0.74,0.3,0.1697,0.2,1.0,0.0,0.0,0.4226,0
CLT-1013,TRN-2008,0.3,0.0,0.5768,0.5,0.74,0.7,0.1226,0.4264,1.0,0.0,0.0,0.3628,0
CLT-1013,TRN-2009,1.0,0.0,0.2764,1.0,0.61,0.3,0.1749,0.5,1.0,0.0,0.0,0.4137,0
CLT-1013,TRN-2010,0.3,0.3333,0.755,1.0,0.61,0.7,0.1303,0.2,1.0,0.0,0.0,0.4256,0
CLT-1013,TRN-2011,1.0,0.0,0.2506,0.5,1.0,0.7,0.1517,0.5,0.5,0.0,0.2,0.4154,0
CLT-1013,TRN-2012,1.0,0.0,0.8748,1.0,0.74,0.7,0.0726,0.8189,0.2,0.0,0.2,0.4736,0
CLT-1013,TRN-2013,1.0,0.0,0.2868,0.5,0.74,0.3,0.0726,0.5,0.5,0.0,0.3333,0.3837,0
CLT-1013,TRN-2014,1.0,0.1667,0.2786,1.0,0.87,0.7,0.0726,0.5,1.0,0.0,0.5,0.5398,0
CLT-1013,TRN-2015,0.3,0.0,0.3902,0.5,0.61,0.7,0.1226,0.5,0.1,0.0,0.0,0.2585,0
CLT-1013,TRN-2016,1.0,0.0,0.6179,1.0,1.0,0.3,0.1749,0.4566,1.0,0.0,0.25,0.5156,0
CLT-1013,TRN-2017,0.3,0.2,0.6041,1.0,1.0,0.3,0.1147,0.2,1.0,0.0,0.3333,0.4615,0
CLT-1013,TRN-2018,0.3,0.0,0.8922,1.0,0.61,0.7,0.1147,1.0,1.0,0.0,0.25,0.4968,0
CLT-1013,TRN-2019,1.0,0.2,0.312,1.0,0.61,0.7,0.1823,0.5,0.7,0.0,0.0,0.4354,0
CLT-1013,TRN-2020,0.3,0.4,0.8672,0.5,0.87,0.3,0.165,0.4113,1.0,0.0,0.0,0.4408,0
CLT-1013,TRN-2021,0.3,0.0,0.592,0.5,0.74,0.3,0.1303,0.2,0.6,0.0,0.0,0.2911,0
CLT-1013,TRN-2022,0.3,0.0,0.7358,1.0,0.87,0.7,0.1749,0.4113,0.1,0.0,0.0,0.3496,0
CLT-1013,TRN-2023,1.0,0.0,0.3345,1.0,0.74,0.3,0.1147,0.5,0.8,0.0,0.2,0.4364,0
CLT-1013,TRN-2024,0.3,0.2,0.6734,1.0,0.61,0.3,0.0726,0.683,1.0,0.0,0.25,0.4541,0
CLT-1013,TRN-2025,0.3,0.0,0.1862,1.0,0.87,0.3,0.1992,0.5,0.3,0.0,0.3333,0.3553,0
CLT-1014,TRN-2001,1.0,0.3333,0.3938,0.5,0.61,1.0,0.1786,0.5,0.6,0.0,0.2,0.4557,0
CLT-1014,TRN-2002,1.0,0.0,0.9085,1.0,0.87,1.0,0.3156,0.9245,0.9,0.0,0.2,0.5976,0
CLT-1014,TRN-2003,1.0,0.2,0.9241,0.5,0.87,0.7,0.2356,0.8642,1.0,0.0,0.0,0.5462,0
CLT-1014,TRN-2004,1.0,0.2,0.578,1.0,0.61,1.0,0.1927,0.9396,0.7,0.0,0.0,0.5127,0
CLT-1014,TRN-2005,1.0,0.125,0.6895,1.0,0.61,1.0,0.1786,1.0,0.4,0.0,0.0,0.49,0
CLT-1014,TRN-2006,1.0,0.3333,0.5547,0.5,0.61,1.0,0.212,0.8189,1.0,0.0,0.0,0.5105,0
CLT-1014,TRN-2007,0.0,0.0,0.7926,1.0,0.74,1.0,1.0,0.2,1.0,0.0,0.0,0.4626,0
CLT-1014,TRN-2008,1.0,0.1429,0.604,0.5,0.74,1.0,0.2213,0.4264,1.0,0.0,0.3333,0.5138,0
CLT-1014,TRN-2009,0.0,0.1429,0.1738,1.0,0.61,1.0,0.2536,0.5,1.0,0.0,0.0,0.3727,0
CLT-1014,TRN-2010,1.0,0.2,0.5844,1.0,0.61,1.0,0.3829,0.2,1.0,0.0,0.0,0.491,0
CLT-1014,TRN-2011,0.0,0.1667,0.231,1.0,1.0,1.0,0.212,0.5,0.5,0.0,0.0,0.3744,0
CLT-1014,TRN-2012,0.0,0.0,0.7573,0.5,0.74,1.0,0.352,0.8189,0.2,0.0,0.0,0.3497,0
CLT-1014,TRN-2013,0.0,0.2,0.2584,0.5,0.74,1.0,0.352,0.5,0.5,0.0,0.2,0.357,0
CLT-1014,TRN-2014,0.0,0.125,0.2302,1.0,0.87,1.0,0.352,0.5,1.0,0.0,0.0,0.4119,0
CLT-1014,TRN-2015,1.0,0.4,0.3664,1.0,0.61,1.0,0.2213,0.5,0.1,0.0,0.5,0.4973,0
CLT-1014,TRN-2016,0.0,0.2857,0.6458,1.0,1.0,0.7,0.2536,0.4566,1.0,0.0,0.0,0.4584,0
CLT-1014,TRN-2017,1.0,0.6,0.7982,0.5,1.0,1.0,0.1786,0.2,1.0,0.0,0.2,0.5783,1
CLT-1014,TRN-2018,1.0,0.0,0.9419,1.0,0.61,1.0,0.1786,1.0,1.0,0.0,0.0,0.5493,0
CLT-1014,TRN-2019,0.0,0.6,0.2415,0.5,0.61,1.0,0.1927,0.5,0.7,0.0,0.0,0.372,0
CLT-1014,TRN-2020,1.0,0.125,0.7818,1.0,0.87,1.0,0.3479,0.4113,1.0,0.0,0.0,0.5422,0
CLT-1014,TRN-2021,1.0,0.2,0.6369,0.5,0.74,1.0,0.3829,0.2,0.6,0.0,0.0,0.4382,0
CLT-1014,TRN-2022,1.0,0.2,0.7701,0.5,0.87,1.0,0.2536,0.4113,0.1,0.0,0.0,0.4267,0
CLT-1014,TRN-2023,0.0,0.5,0.3807,0.5,0.74,1.0,0.1786,0.5,0.8,0.0,0.0,0.3926,0
CLT-1014,TRN-2024,1.0,0.1429,0.9178,1.0,0.61,1.0,0.352,0.683,1.0,0.0,0.0,0.5535,0
CLT-1014,TRN-2025,1.0,0.2,0.1049,0.5,0.87,1.0,0.2133,0.5,0.3,0.0,0.2,0.4163,0
CLT-1015,TRN-2001,1.0,0.25,0.6172,1.0,0.61,1.0,0.5,0.5,0.6,0.0,0.0,0.5022,0
CLT-1015,TRN-2002,1.0,0.0,0.8154,0.5,0.87,1.0,0.5,0.9245,0.9,0.0,0.3333,0.5878,0
CLT-1015,TRN-2003,1.0,0.5,0.3515,1.0,0.87,0.7,0.5,0.8642,1.0,0.0,0.25,0.6281,0
CLT-1015,TRN-2004,1.0,0.5,0.274,1.0,0.61,1.0,0.5,0.9396,0.7,0.0,0.6667,0.6425,0
CLT-1015,TRN-2005,1.0,0.0,0.8175,0.5,0.61,1.0,0.5,1.0,0.4,0.0,0.25,0.5111,0
CLT-1015,TRN-2006,1.0,0.0,0.2153,1.0,0.61,1.0,0.5,0.8189,1.0,0.0,0.4,0.5506,0
CLT-1015,TRN-2007,0.3,0.0,0.2244,1.0,0.74,1.0,0.5,0.2,1.0,0.0,0.2,0.4208,0
CLT-1015,TRN-2008,1.0,0.0,0.3195,1.0,0.74,1.0,0.5,0.4264,1.0,0.0,0.2,0.512,0
CLT-1015,TRN-2009,0.3,0.0,0.7595,0.5,0.61,1.0,0.5,0.5,1.0,0.0,0.1667,0.4412,0
CLT-1015,TRN-2010,1.0,0.0,0.3333,0.5,0.61,1.0,0.5,0.2,1.0,0.0,0.0,0.4165,0
CLT-1015,TRN-2011,0.3,0.0,0.6695,1.0,1.0,1.0,0.5,0.5,0.5,0.0,0.5,0.5107,0
CLT-1015,TRN-2012,0.3,0.0,0.9125,1.0,0.74,1.0,0.5,0.8189,0.2,0.0,0.0,0.4392,0
CLT-1015,TRN-2013,0.3,0.0,0.551,0.5,0.74,1.0,0.5,0.5,0.5,0.0,0.3333,0.4142,0
CLT-1015,TRN-2014,0.3,0.0,0.7513,1.0,0.87,1.0,0.5,0.5,1.0,0.0,0.2,0.5085,0
CLT-1015,TRN-2015,1.0,0.3333,0.8517,1.0,0.61,1.0,0.5,0.5,0.1,0.0,0.25,0.5231,0
CLT-1015,TRN-2016,0.3,0.0,0.3945,0.5,1.0,0.7,0.5,0.4566,1.0,0.0,0.25,0.4443,0
CLT-1015,TRN-2017,1.0,0.25,0.7047,1.0,1.0,1.0,0.5,0.2,1.0,0.0,0.6,0.641,1
CLT-1015,TRN-2018,1.0,0.0,0.3585,0.5,0.61,1.0,0.5,1.0,1.0,0.0,0.25,0.5237,0
CLT-1015,TRN-2019,0.3,0.25,0.7234,0.5,0.61,1.0,0.5,0.5,0.7,0.0,0.1667,0.4447,0
CLT-1015,TRN-2020,1.0,0.0,0.1505,1.0,0.87,1.0,0.5,0.4113,1.0,0.0,0.1667,0.505,0
CLT-1015,TRN-2021,1.0,0.0,0.1601,0.5,0.74,1.0,0.5,0.2,0.6,0.0,0.2,0.4061,0
CLT-1015,TRN-2022,1.0,0.0,0.8354,1.0,0.87,1.0,0.5,0.4113,0.1,0.0,0.2,0.4902,0
CLT-1015,TRN-2023,0.3,0.5,0.8999,1.0,0.74,1.0,0.5,0.5,0.8,0.0,0.2,0.557,0
CLT-1015,TRN-2024,1.0,0.0,0.3418,0.5,0.61,1.0,0.5,0.683,1.0,0.0,0.25,0.4939,0
CLT-1015,TRN-2025,1.0,0.0,0.7516,1.0,0.87,1.0,0.5,0.5,0.3,0.0,0.1429,0.5009,0
CLT-1016,TRN-2001,0.0,0.3333,0.7935,0.5,0.61,1.0,0.0788,0.5,0.6,0.0,0.0,0.3665,0
CLT-1016,TRN-2002,0.0,0.0,0.7449,1.0,0.87,1.0,0.1739,0.9245,0.9,0.0,0.2,0.481,0
CLT-1016,TRN-2003,0.0,0.2,0.9488,0.5,0.87,0.7,0.0866,0.8642,1.0,0.0,0.0,0.4459,0
CLT-1016,TRN-2004,0.0,0.5,0.5694,1.0,0.61,1.0,0.1408,0.9396,0.7,0.0,0.0,0.4582,0
CLT-1016,TRN-2005,0.0,0.125,0.8078,1.0,0.61,1.0,0.0788,1.0,0.4,0.0,0.0,0.4023,0
CLT-1016,TRN-2006,0.0,0.0,0.9199,0.5,0.61,1.0,0.1408,0.8189,1.0,0.0,0.0,0.4028,0
CLT-1016,TRN-2007,1.0,0.2,0.6586,1.0,0.74,1.0,0.13,0.2,1.0,0.0,0.0,0.489,0
CLT-1016,TRN-2008,0.0,0.1429,0.8655,0.5,0.74,1.0,1.0,0.4264,1.0,0.0,0.0,0.4727,0
CLT-1016,TRN-2009,1.0,0.0,0.6436,1.0,0.61,1.0,0.1858,0.5,1.0,0.0,0.0,0.4787,0
CLT-1016,TRN-2010,0.0,0.0,0.7057,1.0,0.61,1.0,0.156,0.2,1.0,0.0,0.0,0.3655,0
CLT-1016,TRN-2011,1.0,0.1667,0.6676,1.0,1.0,1.0,0.1408,0.5,0.5,0.0,0.0,0.4963,0
CLT-1016,TRN-2012,1.0,0.2,0.6432,0.5,0.74,1.0,0.1183,0.8189,0.2,0.0,0.3333,0.4793,0
CLT-1016,TRN-2013,1.0,0.2,0.7546,0.5,0.74,1.0,0.1183,0.5,0.5,0.0,0.2,0.4697,0
CLT-1016,TRN-2014,1.0,0.125,0.6291,1.0,0.87,1.0,0.1183,0.5,1.0,0.0,0.0,0.516,0
CLT-1016,TRN-2015,0.0,0.1667,0.9421,1.0,0.61,1.0,1.0,0.5,0.1,0.0,0.0,0.4307,0
CLT-1016,TRN-2016,1.0,0.2857,0.7963,1.0,1.0,0.7,0.1858,0.4566,1.0,0.0,0.0,0.5551,0
CLT-1016,TRN-2017,0.0,0.1429,0.6217,0.5,1.0,1.0,0.0788,0.2,1.0,0.0,0.2,0.4031,0
CLT-1016,TRN-2018,0.0,0.1667,0.6395,1.0,0.61,1.0,0.0788,1.0,1.0,0.0,0.0,0.4465,0
CLT-1016,TRN-2019,1.0,0.1429,0.8949,0.5,0.61,1.0,0.1408,0.5,0.7,0.0,0.0,0.4538,0
CLT-1016,TRN-2020,0.0,0.125,0.8225,1.0,0.87,1.0,0.1634,0.4113,1.0,0.0,0.0,0.4401,0
CLT-1016,TRN-2021,0.0,0.0,0.8091,0.5,0.74,1.0,0.156,0.2,0.6,0.0,0.0,0.3172,0
CLT-1016,TRN-2022,0.0,0.2,0.8732,0.5,0.87,1.0,0.1858,0.4113,0.1,0.0,0.0,0.3406,0
CLT-1016,TRN-2023,1.0,0.2,0.5527,0.5,0.74,1.0,0.0788,0.5,0.8,0.0,0.3333,0.4928,0
CLT-1016,TRN-2024,0.0,0.1429,0.7045,1.0,0.61,1.0,0.1183,0.683,1.0,0.0,0.0,0.4243,0
CLT-1016,TRN-2025,0.0,0.2,0.909,0.5,0.87,1.0,0.1032,0.5,0.3,0.0,0.2,0.3889,0
CLT-1017,TRN-2001,0.0,0.2,0.6985,1.0,0.61,0.3,0.4608,0.5,0.6,0.0,0.2,0.4055,0
CLT-1017,TRN-2002,0.0,0.3333,0.7443,1.0,0.87,0.3,0.54,0.9245,0.9,0.0,0.0,0.5002,0
CLT-1017,TRN-2003,0.0,0.0,0.6244,1.0,0.87,0.3,0.4726,0.8642,1.0,0.0,0.0,0.4424,0
CLT-1017,TRN-2004,0.0,0.0,0.6048,1.0,0.61,0.3,0.4878,0.9396,0.7,0.0,0.0,0.3941,0
CLT-1017,TRN-2005,0.0,0.1667,0.6871,0.5,0.61,0.3,0.4608,1.0,0.4,0.0,0.0,0.3643,0
CLT-1017,TRN-2006,0.0,0.2,0.6081,1.0,0.61,0.3,0.3054,0.8189,1.0,0.0,0.0,0.4209,0
CLT-1017,TRN-2007,1.0,0.0,0.647,1.0,0.74,0.3,0.3479,0.2,1.0,0.0,0.0,0.4494,0
CLT-1017,TRN-2008,0.0,0.2,0.5702,1.0,0.74,0.3,0.2221,0.4264,1.0,0.0,0.0,0.389,0
CLT-1017,TRN-2009,1.0,0.2,0.9385,1.0,0.61,0.3,0.2927,0.5,1.0,0.0,0.25,0.5436,0
CLT-1017,TRN-2010,0.0,0.0,0.5846,0.5,0.61,0.3,0.3135,0.2,1.0,0.0,0.5,0.3688,0
CLT-1017,TRN-2011,1.0,0.0,0.8828,0.5,1.0,0.3,0.3054,0.5,0.5,0.0,0.0,0.4409,0
CLT-1017,TRN-2012,1.0,0.0,0.7643,1.0,0.74,0.3,0.4614,0.8189,0.2,0.0,0.3333,0.4984,0
CLT-1017,TRN-2013,1.0,0.0,0.6743,0.5,0.74,0.3,0.4614,0.5,0.5,0.0,0.0,0.4084,0
CLT-1017,TRN-2014,1.0,0.4,0.6124,1.0,0.87,0.3,0.4614,0.5,1.0,0.0,0.3333,0.5953,1
CLT-1017,TRN-2015,0.0,0.25,0.5515,1.0,0.61,0.3,0.2221,0.5,0.1,0.0,0.0,0.3063,0
CLT-1017,TRN-2016,1.0,0.1667,0.8914,0.5,1.0,0.3,0.2927,0.4566,1.0,0.0,0.5,0.5706,0
CLT-1017,TRN-2017,0.0,0.5,0.5646,1.0,1.0,0.3,0.4608,0.2,1.0,0.0,0.0,0.4576,0
CLT-1017,TRN-2018,0.0,0.0,0.8955,0.5,0.61,0.3,0.4608,1.0,1.0,0.0,0.0,0.4141,0
CLT-1017,TRN-2019,1.0,0.0,0.7148,1.0,0.61,0.3,0.4878,0.5,0.7,0.0,0.25,0.4875,0
CLT-1017,TRN-2020,0.0,0.1667,0.6072,1.0,0.87,0.3,0.4765,0.4113,1.0,0.0,0.25,0.4566,0
CLT-1017,TRN-2021,0.0,0.0,0.6169,1.0,0.74,0.3,0.3135,0.2,0.6,0.0,0.0,0.3186,0
CLT-1017,TRN-2022,0.0,0.0,0.5762,1.0,0.87,0.3,0.2927,0.4113,0.1,0.0,0.3333,0.3459,0
CLT-1017,TRN-2023,1.0,0.0,0.7756,0.5,0.74,0.3,0.4608,0.5,0.8,0.0,0.0,0.4441,0
CLT-1017,TRN-2024,0.0,0.0,0.8359,0.5,0.61,0.3,0.4614,0.683,1.0,0.0,0.5,0.4475,0
CLT-1017,TRN-2025,0.0,0.3333,0.7236,1.0,0.87,0.3,0.3581,0.5,0.3,0.0,0.2,0.4175,0
CLT-1018,TRN-2001,0.5,0.1667,0.611,1.0,0.61,0.7,1.0,0.5,0.6,0.0,0.1429,0.4962,0
CLT-1018,TRN-2002,0.5,0.0,0.893,1.0,0.87,0.3,0.2954,0.9245,0.9,0.0,0.1429,0.5108,0
CLT-1018,TRN-2003,0.5,0.0,0.8734,1.0,0.87,0.3,0.5463,0.8642,1.0,0.0,0.25,0.5494,0
CLT-1018,TRN-2004,0.5,0.0,0.7239,1.0,0.61,0.3,0.2995,0.9396,0.7,0.0,0.25,0.4661,0
CLT-1018,TRN-2005,0.5,0.1429,0.6773,0.5,0.61,0.7,1.0,1.0,0.4,0.0,0.25,0.5043,0
CLT-1018,TRN-2006,0.5,0.0,0.7645,1.0,0.61,0.3,0.3511,0.8189,1.0,0.0,0.1667,0.4792,0
CLT-1018,TRN-2007,0.5,0.25,0.9003,1.0,0.74,0.3,0.6877,0.2,1.0,0.0,0.2,0.5179,0
CLT-1018,TRN-2008,0.5,0.0,0.707,1.0,0.74,0.7,0.5479,0.4264,1.0,0.0,0.0,0.466,0
CLT-1018,TRN-2009,0.5,0.0,0.8291,1.0,0.61,0.3,0.3898,0.5,1.0,0.0,0.1667,0.4599,0
CLT-1018,TRN-2010,0.5,0.25,0.8713,0.5,0.61,0.7,0.3573,0.2,1.0,0.0,0.0,0.4273,0
CLT-1018,TRN-2011,0.5,0.5,0.7421,0.5,1.0,0.7,0.3511,0.5,0.5,0.0,0.2,0.4994,0
CLT-1018,TRN-2012,0.5,0.0,0.8279,1.0,0.74,0.7,0.3126,0.8189,0.2,0.0,0.0,0.4194,0
CLT-1018,TRN-2013,0.5,0.6667,0.6577,0.5,0.74,0.3,0.3126,0.5,0.5,0.0,0.1429,0.4574,0
CLT-1018,TRN-2014,0.5,0.0,0.7647,1.0,0.87,0.7,0.3126,0.5,1.0,0.0,0.5,0.5376,0
CLT-1018,TRN-2015,0.5,0.0,0.767,1.0,0.61,0.7,0.5479,0.5,0.1,0.0,0.0,0.3837,0
CLT-1018,TRN-2016,0.5,0.6,0.7664,0.5,1.0,0.3,0.3898,0.4566,1.0,0.0,0.25,0.548,0
CLT-1018,TRN-2017,0.5,0.0,0.8999,1.0,1.0,0.3,1.0,0.2,1.0,0.0,0.1429,0.5325,0
CLT-1018,TRN-2018,0.5,0.2,0.8945,0.5,0.61,0.7,1.0,1.0,1.0,0.0,0.6667,0.6408,1
CLT-1018,TRN-2019,0.5,0.1667,0.8562,1.0,0.61,0.7,0.2995,0.5,0.7,0.0,0.0,0.4453,0
CLT-1018,TRN-2020,0.5,0.0,0.5978,1.0,0.87,0.3,0.4156,0.4113,1.0,0.0,0.1667,0.4615,0
CLT-1018,TRN-2021,0.5,0.25,0.8268,1.0,0.74,0.3,0.3573,0.2,0.6,0.0,0.2,0.4462,0
CLT-1018,TRN-2022,0.5,0.25,0.6867,1.0,0.87,0.7,0.3898,0.4113,0.1,0.0,0.0,0.4158,0
CLT-1018,TRN-2023,0.5,0.25,0.9056,0.5,0.74,0.3,1.0,0.5,0.8,0.0,0.0,0.4927,0
CLT-1018,TRN-2024,0.5,0.1667,0.9114,0.5,0.61,0.3,0.3126,0.683,1.0,0.0,0.25,0.4745,0
CLT-1018,TRN-2025,0.5,0.25,0.6857,1.0,0.87,0.3,0.5097,0.5,0.3,0.0,0.1429,0.4535,0
CLT-1019,TRN-2001,0.0,0.0,0.5852,1.0,0.61,1.0,0.5,0.5,0.6,0.0,0.3333,0.4212,0
CLT-1019,TRN-2002,0.0,0.3333,0.6234,1.0,0.87,1.0,0.5,0.9245,0.9,0.0,0.1429,0.5363,0
CLT-1019,TRN-2003,0.0,0.0,0.2372,1.0,0.87,1.0,0.5,0.8642,1.0,0.0,0.25,0.475,0
CLT-1019,TRN-2004,0.0,0.0,0.2629,1.0,0.61,1.0,0.5,0.9396,0.7,0.0,0.25,0.4294,0
CLT-1019,TRN-2005,0.0,0.0,0.5984,0.5,0.61,1.0,0.5,1.0,0.4,0.0,0.0,0.3688,0
CLT-1019,TRN-2006,0.0,0.2,0.2435,1.0,0.61,1.0,0.5,0.8189,1.0,0.0,0.1667,0.4593,0
CLT-1019,TRN-2007,1.0,0.0,0.3878,1.0,0.74,1.0,0.5,0.2,1.0,0.0,0.0,0.4711,0
CLT-1019,TRN-2008,0.0,0.2,0.3649,1.0,0.74,1.0,0.5,0.4264,1.0,0.0,0.2,0.4535,0
CLT-1019,TRN-2009,1.0,0.2,0.8445,1.0,0.61,1.0,0.5,0.5,1.0,0.0,0.75,0.6519,1
CLT-1019,TRN-2010,0.0,0.0,0.3669,0.5,0.61,1.0,0.5,0.2,1.0,0.0,0.6667,0.4195,0
CLT-1019,TRN-2011,1.0,0.0,0.7012,0.5,1.0,1.0,0.5,0.5,0.5,0.0,0.2,0.5001,0
CLT-1019,TRN-2012,1.0,0.0,0.5697,1.0,0.74,1.0,0.5,0.8189,0.2,0.0,0.2,0.4979,0
CLT-1019,TRN-2013,1.0,0.0,0.6554,0.5,0.74,1.0,0.5,0.5,0.5,0.0,0.1429,0.4605,0
CLT-1019,TRN-2014,1.0,0.0,0.8746,1.0,0.87,1.0,0.5,0.5,1.0,0.0,0.2,0.582,0
CLT-1019,TRN-2015,0.0,0.25,0.6821,1.0,0.61,1.0,0.5,0.5,0.1,0.0,0.25,0.4075,0
CLT-1019,TRN-2016,1.0,0.1667,0.1693,0.5,1.0,1.0,0.5,0.4566,1.0,0.0,0.25,0.5224,0
CLT-1019,TRN-2017,0.0,0.2,0.7562,1.0,1.0,1.0,0.5,0.2,1.0,0.0,0.1429,0.4884,0
CLT-1019,TRN-2018,0.0,0.0,0.1198,0.5,0.61,1.0,0.5,1.0,1.0,0.0,0.0,0.3796,0
CLT-1019,TRN-2019,1.0,0.5,0.8626,1.0,0.61,1.0,0.5,0.5,0.7,0.0,0.4,0.6201,1
CLT-1019,TRN-2020,0.0,0.1667,0.137,1.0,0.87,1.0,0.5,0.4113,1.0,0.0,0.75,0.5149,0
CLT-1019,TRN-2021,0.0,0.0,0.3501,1.0,0.74,1.0,0.5,0.2,0.6,0.0,0.5,0.4097,0
CLT-1019,TRN-2022,0.0,0.0,0.8413,1.0,0.87,1.0,0.5,0.4113,0.1,0.0,0.5,0.4417,0
CLT-1019,TRN-2023,1.0,0.0,0.7798,0.5,0.74,1.0,0.5,0.5,0.8,0.0,0.5,0.5462,0
CLT-1019,TRN-2024,0.0,0.2,0.1555,0.5,0.61,1.0,0.5,0.683,1.0,0.0,0.25,0.4148,0
CLT-1019,TRN-2025,0.0,0.0,0.8231,1.0,0.87,1.0,0.5,0.5,0.3,0.0,0.1429,0.418,0
CLT-1020,TRN-2001,1.0,0.0,0.9181,0.5,0.61,1.0,0.0788,0.5,0.6,0.0,0.3333,0.4669,0
CLT-1020,TRN-2002,1.0,0.0,0.83,0.5,0.87,0.7,0.1739,0.9245,0.9,0.0,0.1429,0.5211,0
CLT-1020,TRN-2003,1.0,0.0,0.8174,0.5,0.87,0.3,0.0866,0.8642,1.0,0.0,0.0,0.4788,0
CLT-1020,TRN-2004,1.0,0.5,0.6172,1.0,0.61,0.3,0.1408,0.9396,0.7,0.0,0.25,0.554,1
CLT-1020,TRN-2005,1.0,0.0,0.8388,1.0,0.61,1.0,0.0788,1.0,0.4,0.0,0.0,0.4776,0
CLT-1020,TRN-2006,1.0,0.0,0.8098,1.0,0.61,0.3,0.1408,0.8189,1.0,0.0,0.4,0.5403,0
CLT-1020,TRN-2007,0.3,0.0,0.7294,1.0,0.74,0.3,0.13,0.2,1.0,0.0,0.0,0.3748,0
CLT-1020,TRN-2008,1.0,0.25,0.8293,1.0,0.74,1.0,1.0,0.4264,1.0,0.0,0.2,0.6356,0
CLT-1020,TRN-2009,0.3,0.0,0.7452,1.0,0.61,0.3,0.1858,0.5,1.0,0.0,0.1667,0.4163,0
CLT-1020,TRN-2010,1.0,0.0,0.64,1.0,0.61,1.0,0.156,0.2,1.0,0.0,0.25,0.4824,0
CLT-1020,TRN-2011,0.3,0.0,0.7051,1.0,1.0,1.0,0.1408,0.5,0.5,0.0,0.0,0.4148,0
CLT-1020,TRN-2012,0.3,0.5,0.9116,1.0,0.74,1.0,0.1183,0.8189,0.2,0.0,0.0,0.472,0
CLT-1020,TRN-2013,0.3,0.0,0.6198,1.0,0.74,0.7,0.1183,0.5,0.5,0.0,0.6,0.4443,0
CLT-1020,TRN-2014,0.3,0.2,0.7522,1.0,0.87,1.0,0.1183,0.5,1.0,0.0,0.2,0.5013,0
CLT-1020,TRN-2015,1.0,0.0,0.7366,1.0,0.61,1.0,1.0,0.5,0.1,0.0,0.25,0.5128,0
CLT-1020,TRN-2016,0.3,0.0,0.5729,0.5,1.0,0.3,0.1858,0.4566,1.0,0.0,0.25,0.4143,0
CLT-1020,TRN-2017,1.0,0.0,0.7844,1.0,1.0,0.7,0.0788,0.2,1.0,0.0,0.3333,0.528,0
CLT-1020,TRN-2018,1.0,0.0,0.6967,0.5,0.61,1.0,0.0788,1.0,1.0,0.0,0.25,0.5163,0
CLT-1020,TRN-2019,0.3,0.0,0.8983,0.5,0.61,1.0,0.1408,0.5,0.7,0.0,0.1667,0.3947,0
CLT-1020,TRN-2020,1.0,0.2,0.7605,1.0,0.87,0.7,0.1634,0.4113,1.0,0.0,0.1667,0.5428,0
CLT-1020,TRN-2021,1.0,0.0,0.5503,0.5,0.74,0.7,0.156,0.2,0.6,0.0,0.2,0.3968,0
CLT-1020,TRN-2022,1.0,0.5,0.9023,1.0,0.87,1.0,0.1858,0.4113,0.1,0.0,0.2,0.5351,0
CLT-1020,TRN-2023,0.3,0.0,0.8836,0.5,0.74,0.7,0.0788,0.5,0.8,0.0,0.2,0.4018,0
CLT-1020,TRN-2024,1.0,0.0,0.5885,0.5,0.61,0.3,0.1183,0.683,1.0,0.0,0.25,0.4506,0
CLT-1020,TRN-2025,1.0,0.0,0.6091,1.0,0.87,0.7,0.1032,0.5,0.3,0.0,0.3333,0.4648,0
CLT-1021,TRN-2001,0.5,0.3333,0.6929,0.5,0.61,1.0,0.1239,0.5,0.6,0.0,0.8,0.5133,0
CLT-1021,TRN-2002,0.5,0.0,0.73,1.0,0.87,0.7,0.0891,0.9245,0.9,0.0,0.125,0.4933,0
CLT-1021,TRN-2003,0.5,0.0,0.9199,0.5,0.87,0.3,0.1158,0.8642,1.0,0.0,0.0,0.4459,0
CLT-1021,TRN-2004,0.5,0.0,0.6346,1.0,0.61,0.3,1.0,0.9396,0.7,0.0,0.0,0.4872,0
CLT-1021,TRN-2005,0.5,0.5,0.6039,1.0,0.61,1.0,0.1239,1.0,0.4,0.0,0.0,0.483,0
CLT-1021,TRN-2006,0.5,0.3333,0.608,0.5,0.61,0.3,0.1158,0.8189,1.0,0.0,0.3333,0.4754,0
CLT-1021,TRN-2007,0.5,0.2,0.7364,1.0,0.74,0.3,0.0936,0.2,1.0,0.0,0.1667,0.4391,0
CLT-1021,TRN-2008,0.5,0.3333,0.6442,0.5,0.74,1.0,0.081,0.4264,1.0,0.0,0.4,0.4946,0
CLT-1021,TRN-2009,0.5,0.3333,0.8447,1.0,0.61,0.3,0.1126,0.5,1.0,0.0,0.3333,0.5035,0
CLT-1021,TRN-2010,0.5,0.0,0.5714,1.0,0.61,1.0,0.1052,0.2,1.0,0.0,0.5,0.4606,0
CLT-1021,TRN-2011,0.5,0.4,0.8642,1.0,1.0,1.0,0.1158,0.5,0.5,0.0,0.0,0.4982,0
CLT-1021,TRN-2012,0.5,0.0,0.923,0.5,0.74,1.0,0.1468,0.8189,0.2,0.0,0.4,0.4443,0
CLT-1021,TRN-2013,0.5,0.2,0.6843,0.5,0.74,0.7,0.1468,0.5,0.5,0.0,0.2857,0.4194,0
CLT-1021,TRN-2014,0.5,0.2857,0.5665,1.0,0.87,1.0,0.1468,0.5,1.0,0.0,0.1667,0.5121,0
CLT-1021,TRN-2015,0.5,0.1667,0.8948,1.0,0.61,1.0,0.081,0.5,0.1,0.0,0.2,0.4159,0
CLT-1021,TRN-2016,0.5,0.5,0.7122,1.0,1.0,0.3,0.1126,0.4566,1.0,0.0,0.2,0.5341,0
CLT-1021,TRN-2017,0.5,0.1429,0.5529,0.5,1.0,0.7,0.1239,0.2,1.0,0.0,0.125,0.4222,0
CLT-1021,TRN-2018,0.5,0.4,0.6727,1.0,0.61,1.0,0.1239,1.0,1.0,0.0,0.0,0.5293,0
CLT-1021,TRN-2019,0.5,0.0,0.7605,0.5,0.61,1.0,1.0,0.5,0.7,0.0,0.6,0.535,0
CLT-1021,TRN-2020,0.5,0.0,0.592,1.0,0.87,0.7,0.1361,0.4113,1.0,0.0,0.3333,0.4762,0
CLT-1021,TRN-2021,0.5,0.0,0.7948,0.5,0.74,0.7,0.1052,0.2,0.6,0.0,0.1667,0.365,0
CLT-1021,TRN-2022,0.5,0.0,0.7528,0.5,0.87,1.0,0.1126,0.4113,0.1,0.0,0.4,0.3947,0
CLT-1021,TRN-2023,0.5,0.0,0.5837,0.5,0.74,0.7,0.1239,0.5,0.8,0.0,0.1667,0.3925,0
CLT-1021,TRN-2024,0.5,0.3333,0.5507,1.0,0.61,0.3,0.1468,0.683,1.0,0.0,0.2,0.4788,0
CLT-1021,TRN-2025,0.5,0.5,0.6356,0.5,0.87,0.7,0.0808,0.5,0.3,0.0,0.5,0.4741,0
CLT-1022,TRN-2001,0.0,0.4,0.7048,0.5,0.61,0.3,0.5,0.5,0.6,0.0,0.1667,0.3961,0
CLT-1022,TRN-2002,0.0,0.0,0.8984,0.5,0.87,0.3,0.5,0.9245,0.9,0.0,0.1667,0.4524,0
CLT-1022,TRN-2003,0.0,0.25,0.134,0.5,0.87,0.3,0.5,0.8642,1.0,0.0,0.0,0.3989,0
CLT-1022,TRN-2004,0.0,0.25,0.2448,1.0,0.61,0.3,0.5,0.9396,0.7,0.0,0.0,0.3966,0
CLT-1022,TRN-2005,0.0,0.3333,0.8172,1.0,0.61,0.3,0.5,1.0,0.4,0.0,0.0,0.4374,0
CLT-1022,TRN-2006,0.0,0.1667,0.1057,1.0,0.61,0.3,0.5,0.8189,1.0,0.0,0.0,0.389,0
CLT-1022,TRN-2007,1.0,0.0,0.3496,1.0,0.74,0.3,0.5,0.2,1.0,0.0,0.0,0.4364,0
CLT-1022,TRN-2008,0.0,0.1667,0.3407,1.0,0.74,0.3,0.5,0.4264,1.0,0.0,0.0,0.3889,0
CLT-1022,TRN-2009,1.0,0.1667,0.8218,1.0,0.61,0.3,0.5,0.5,1.0,0.0,0.2,0.5405,0
CLT-1022,TRN-2010,0.0,0.0,0.3913,1.0,0.61,0.3,0.5,0.2,1.0,0.0,0.3333,0.3815,0
CLT-1022,TRN-2011,1.0,0.2,0.6299,1.0,1.0,0.3,0.5,0.5,0.5,0.0,0.25,0.5317,0
CLT-1022,TRN-2012,1.0,0.0,0.6681,1.0,0.74,0.3,0.5,0.8189,0.2,0.0,0.25,0.4821,0
CLT-1022,TRN-2013,1.0,0.0,0.6331,1.0,0.74,0.3,0.5,0.5,0.5,0.0,0.0,0.4438,0
CLT-1022,TRN-2014,1.0,0.1429,0.9107,1.0,0.87,0.3,0.5,0.5,1.0,0.0,0.6667,0.6356,1
CLT-1022,TRN-2015,0.0,0.5,0.6798,1.0,0.61,0.3,0.5,0.5,0.1,0.0,0.0,0.3761,0
CLT-1022,TRN-2016,1.0,0.3333,0.3254,0.5,1.0,0.3,0.5,0.4566,1.0,0.0,0.3333,0.5386,0
CLT-1022,TRN-2017,0.0,0.4,0.7375,1.0,1.0,0.3,0.5,0.2,1.0,0.0,0.0,0.4632,0
CLT-1022,TRN-2018,0.0,0.2,0.1235,0.5,0.61,0.3,0.5,1.0,1.0,0.0,0.0,0.3755,0
CLT-1022,TRN-2019,1.0,0.1667,0.7875,0.5,0.61,0.3,0.5,0.5,0.7,0.0,0.2,0.475,0
CLT-1022,TRN-2020,0.0,0.0,0.3584,1.0,0.87,0.3,0.5,0.4113,1.0,0.0,0.2,0.4075,0
CLT-1022,TRN-2021,0.0,0.0,0.2224,0.5,0.74,0.3,0.5,0.2,0.6,0.0,0.0,0.2643,0
CLT-1022,TRN-2022,0.0,0.0,0.7638,1.0,0.87,0.3,0.5,0.4113,0.1,0.0,0.25,0.37,0
CLT-1022,TRN-2023,1.0,0.25,0.7608,0.5,0.74,0.3,0.5,0.5,0.8,0.0,0.0,0.4798,0
CLT-1022,TRN-2024,0.0,0.0,0.3173,0.5,0.61,0.3,0.5,0.683,1.0,0.0,0.3333,0.3823,0
CLT-1022,TRN-2025,0.0,0.6667,0.7881,1.0,0.87,0.3,0.5,0.5,0.3,0.0,0.1667,0.4761,0
CLT-1023,TRN-2001,1.0,0.5,0.2506,1.0,0.61,1.0,0.4889,0.5,0.6,0.0,0.2857,0.5402,0
CLT-1023,TRN-2002,1.0,0.0,0.9478,1.0,0.87,1.0,0.3377,0.9245,0.9,0.0,0.2857,0.6145,0
CLT-1023,TRN-2003,1.0,0.3333,0.6879,1.0,0.87,0.7,0.7248,0.8642,1.0,0.0,0.5,0.6894,0
CLT-1023,TRN-2004,1.0,0.3333,0.7486,1.0,0.61,1.0,0.5403,0.9396,0.7,0.0,0.2,0.6036,0
CLT-1023,TRN-2005,1.0,0.0,0.6033,0.5,0.61,1.0,0.4889,1.0,0.4,0.0,0.5,0.5245,0
CLT-1023,TRN-2006,1.0,0.0,0.566,1.0,0.61,1.0,0.3782,0.8189,1.0,0.0,0.3333,0.5621,0
CLT-1023,TRN-2007,0.3,0.3333,0.6017,1.0,0.74,1.0,0.723,0.2,1.0,0.0,0.75,0.5926,1
CLT-1023,TRN-2008,1.0,0.0,0.5983,1.0,0.74,1.0,0.4163,0.4264,1.0,0.0,0.4,0.5562,0
CLT-1023,TRN-2009,0.3,0.0,0.2513,1.0,0.61,1.0,0.527,0.5,1.0,0.0,0.3333,0.4563,0
CLT-1023,TRN-2010,1.0,0.0,0.9189,0.5,0.61,1.0,0.6578,0.2,1.0,0.0,0.0,0.4829,0
CLT-1023,TRN-2011,0.3,0.0,0.235,0.5,1.0,1.0,0.3782,0.5,0.5,0.0,0.4,0.4119,0
CLT-1023,TRN-2012,0.3,0.0,0.8545,1.0,0.74,1.0,0.6316,0.8189,0.2,0.0,0.1667,0.4681,0
CLT-1023,TRN-2013,0.3,0.3333,0.2284,0.5,0.74,1.0,0.6316,0.5,0.5,0.0,0.125,0.4139,0
CLT-1023,TRN-2014,0.3,0.0,0.3756,1.0,0.87,1.0,0.6316,0.5,1.0,0.0,0.0,0.4599,0
CLT-1023,TRN-2015,1.0,0.25,0.1097,1.0,0.61,1.0,0.4163,0.5,0.1,0.0,0.2,0.4315,0
CLT-1023,TRN-2016,0.3,0.1667,0.94,0.5,1.0,0.7,0.527,0.4566,1.0,0.0,0.0,0.4843,0
CLT-1023,TRN-2017,1.0,0.2,0.6843,1.0,1.0,1.0,0.4889,0.2,1.0,0.0,0.2857,0.5894,0
CLT-1023,TRN-2018,1.0,0.0,0.6723,0.5,0.61,1.0,0.4889,1.0,1.0,0.0,0.2,0.544,0
CLT-1023,TRN-2019,0.3,0.2,0.2771,1.0,0.61,1.0,0.5403,0.5,0.7,0.0,0.3333,0.4598,0
CLT-1023,TRN-2020,1.0,0.0,0.8222,1.0,0.87,1.0,1.0,0.4113,1.0,0.0,0.3333,0.6319,0
CLT-1023,TRN-2021,1.0,0.0,0.7457,1.0,0.74,1.0,0.6578,0.2,0.6,0.0,0.4,0.535,0
CLT-1023,TRN-2022,1.0,0.0,0.7029,1.0,0.87,1.0,0.527,0.4113,0.1,0.0,0.1667,0.4764,0
CLT-1023,TRN-2023,0.3,0.3333,0.3694,0.5,0.74,1.0,0.4889,0.5,0.8,0.0,0.1667,0.4461,0
CLT-1023,TRN-2024,1.0,0.2,0.9343,0.5,0.61,1.0,0.6316,0.683,1.0,0.0,0.0,0.5519,0
CLT-1023,TRN-2025,1.0,0.0,0.1487,1.0,0.87,1.0,0.714,0.5,0.3,0.0,0.125,0.4638,0
CLT-1024,TRN-2001,0.0,0.2,0.1012,1.0,0.61,1.0,0.5994,0.5,0.6,0.0,0.2857,0.4072,0
CLT-1024,TRN-2002,0.0,0.0,0.6162,0.5,0.87,0.7,0.5553,0.9245,0.9,0.0,0.5,0.4946,0
CLT-1024,TRN-2003,0.0,0.0,0.8814,1.0,0.87,0.3,0.6409,0.8642,1.0,0.0,0.5,0.5474,0
CLT-1024,TRN-2004,0.0,0.0,0.5818,1.0,0.61,0.3,0.315,0.9396,0.7,0.0,0.2,0.4034,0
CLT-1024,TRN-2005,0.0,0.1667,0.9361,0.5,0.61,1.0,0.5994,1.0,0.4,0.0,0.2,0.4569,0
CLT-1024,TRN-2006,0.0,0.2,0.9101,1.0,0.61,0.3,0.7019,0.8189,1.0,0.0,0.0,0.4833,0
CLT-1024,TRN-2007,1.0,0.3333,0.7053,1.0,0.74,0.3,0.4739,0.2,1.0,0.0,0.1667,0.5328,0
CLT-1024,TRN-2008,0.0,0.2,0.7452,1.0,0.74,1.0,0.6883,0.4264,1.0,0.0,0.4,0.5311,0
CLT-1024,TRN-2009,1.0,0.2,0.1452,0.5,0.61,0.3,0.3263,0.5,1.0,0.0,0.3333,0.4512,0
CLT-1024,TRN-2010,0.0,0.0,0.7521,0.5,0.61,1.0,0.63,0.2,1.0,0.0,0.0,0.3763,0
CLT-1024,TRN-2011,1.0,0.25,0.2015,1.0,1.0,1.0,0.7019,0.5,0.5,0.0,0.1667,0.5383,0
CLT-1024,TRN-2012,1.0,0.0,0.714,1.0,0.74,1.0,0.4146,0.8189,0.2,0.0,0.1667,0.4987,0
CLT-1024,TRN-2013,1.0,0.3333,0.3855,0.5,0.74,0.7,0.4146,0.5,0.5,0.0,0.2857,0.4792,0
CLT-1024,TRN-2014,1.0,0.1667,0.1271,1.0,0.87,1.0,0.4146,0.5,1.0,0.0,0.0,0.5032,0
CLT-1024,TRN-2015,0.0,0.0,0.3903,1.0,0.61,1.0,0.6883,0.5,0.1,0.0,0.5,0.3983,0
CLT-1024,TRN-2016,1.0,0.1667,0.6152,0.5,1.0,0.3,0.3263,0.4566,1.0,0.0,0.0,0.482,0
CLT-1024,TRN-2017,0.0,0.0,0.8759,1.0,1.0,0.7,0.5994,0.2,1.0,0.0,0.5,0.5157,0
CLT-1024,TRN-2018,0.0,0.25,0.8909,0.5,0.61,1.0,0.5994,1.0,1.0,0.0,0.2,0.5176,0
CLT-1024,TRN-2019,1.0,0.0,0.107,0.5,0.61,1.0,0.315,0.5,0.7,0.0,0.0,0.3798,0
CLT-1024,TRN-2020,0.0,0.0,0.7869,1.0,0.87,0.7,0.6528,0.4113,1.0,0.0,0.3333,0.4951,0
CLT-1024,TRN-2021,0.0,0.0,0.8298,0.5,0.74,0.7,0.63,0.2,0.6,0.0,0.4,0.4016,0
CLT-1024,TRN-2022,0.0,0.0,0.8918,1.0,0.87,1.0,0.3263,0.4113,0.1,0.0,0.0,0.3637,0
CLT-1024,TRN-2023,1.0,0.0,0.3499,1.0,0.74,0.7,0.5994,0.5,0.8,0.0,0.4,0.5257,0
CLT-1024,TRN-2024,0.0,0.5,0.7272,0.5,0.61,0.3,0.4146,0.683,1.0,0.0,0.0,0.4336,0
CLT-1024,TRN-2025,0.0,0.0,0.3332,1.0,0.87,0.7,0.3851,0.5,0.3,0.0,0.2857,0.3697,0
CLT-1025,TRN-2001,0.0,0.0,0.7155,1.0,0.61,1.0,0.5,0.5,0.6,0.0,0.1429,0.4073,0
CLT-1025,TRN-2002,0.0,0.0,0.7912,0.5,0.87,1.0,0.5,0.9245,0.9,0.0,0.3333,0.4964,0
CLT-1025,TRN-2003,0.0,0.0,0.3833,1.0,0.87,1.0,0.5,0.8642,1.0,0.0,0.0,0.4546,0
CLT-1025,TRN-2004,0.0,0.0,0.2653,0.5,0.61,1.0,0.5,0.9396,0.7,0.0,0.25,0.3939,0
CLT-1025,TRN-2005,0.0,0.0,0.6315,1.0,0.61,1.0,0.5,1.0,0.4,0.0,0.25,0.4409,0
CLT-1025,TRN-2006,0.0,0.0,0.2172,0.5,0.61,1.0,0.5,0.8189,1.0,0.0,0.4,0.4257,0
CLT-1025,TRN-2007,1.0,0.0,0.2496,0.5,0.74,1.0,0.5,0.2,1.0,0.0,0.2,0.4498,0
CLT-1025,TRN-2008,0.0,0.0,0.2086,0.5,0.74,1.0,0.5,0.4264,1.0,0.0,0.2,0.3771,0
CLT-1025,TRN-2009,1.0,0.0,0.6035,1.0,0.61,1.0,0.5,0.5,1.0,0.0,0.0,0.5032,0
CLT-1025,TRN-2010,0.0,0.5,0.3875,1.0,0.61,1.0,0.5,0.2,1.0,0.0,0.0,0.4348,0
CLT-1025,TRN-2011,1.0,0.3333,0.8531,0.5,1.0,1.0,0.5,0.5,0.5,0.0,0.2,0.5583,0
CLT-1025,TRN-2012,1.0,0.0,0.7733,1.0,0.74,1.0,0.5,0.8189,0.2,0.0,0.0,0.4893,0
CLT-1025,TRN-2013,1.0,0.5,0.797,0.5,0.74,1.0,0.5,0.5,0.5,0.0,0.6,0.6013,0
CLT-1025,TRN-2014,1.0,0.0,0.7108,1.0,0.87,1.0,0.5,0.5,1.0,0.0,0.2,0.5674,0
CLT-1025,TRN-2015,0.0,0.0,0.7721,0.5,0.61,1.0,0.5,0.5,0.1,0.0,0.25,0.3463,0
CLT-1025,TRN-2016,1.0,0.2,0.3297,1.0,1.0,1.0,0.5,0.4566,1.0,0.0,0.25,0.5769,0
CLT-1025,TRN-2017,0.0,0.0,0.6363,1.0,1.0,1.0,0.5,0.2,1.0,0.0,0.6,0.5122,0
CLT-1025,TRN-2018,0.0,0.0,0.3633,1.0,0.61,1.0,0.5,1.0,1.0,0.0,0.25,0.4706,0
CLT-1025,TRN-2019,1.0,0.25,0.651,1.0,0.61,1.0,0.5,0.5,0.7,0.0,0.1667,0.5364,0
CLT-1025,TRN-2020,0.0,0.0,0.3895,0.5,0.87,1.0,0.5,0.4113,1.0,0.0,0.0,0.379,0
CLT-1025,TRN-2021,0.0,0.5,0.142,0.5,0.74,1.0,0.5,0.2,0.6,0.0,0.0,0.3554,0
CLT-1025,TRN-2022,0.0,0.5,0.6422,1.0,0.87,1.0,0.5,0.4113,0.1,0.0,0.2,0.4507,0
CLT-1025,TRN-2023,1.0,0.5,0.8849,1.0,0.74,1.0,0.5,0.5,0.8,0.0,0.0,0.5913,0
CLT-1025,TRN-2024,0.0,0.0,0.3154,1.0,0.61,1.0,0.5,0.683,1.0,0.0,0.25,0.438,0
CLT-1025,TRN-2025,0.0,0.0,0.6113,1.0,0.87,1.0,0.5,0.5,0.3,0.0,0.3333,0.4246,0
